{"text": " You You You", "segments": [{"id": 0, "seek": 0, "start": 0.0, "end": 2.0, "text": " You", "tokens": [50364, 509, 50464], "temperature": 0.0, "avg_logprob": -0.6587895154953003, "compression_ratio": 0.2727272727272727, "no_speech_prob": 0.9320583343505859}, {"id": 1, "seek": 3000, "start": 30.0, "end": 33.0, "text": " You", "tokens": [50414, 509, 50514], "temperature": 0.0, "avg_logprob": -0.856392502784729, "compression_ratio": 0.2727272727272727, "no_speech_prob": 0.8972820043563843}, {"id": 2, "seek": 6000, "start": 60.0, "end": 62.0, "text": " You", "tokens": [50364, 509, 50464], "temperature": 0.0, "avg_logprob": -0.9487292170524597, "compression_ratio": 0.2727272727272727, "no_speech_prob": 0.7372280359268188}], "language": "en"}