{"text": " Leasing them in their hours, when it's metal, it may, if the metal did not melt, at least they would conduct the heat and keep the heat for so long that you couldn't get near it well, you know, within hours. Well, look at that. Well, you can take this off, and it dissipates the heat so quickly that you can actually pick these up while they're blowing molten in the middle. Though they were in the oven at 2200 degree.", "segments": [{"id": 0, "seek": 0, "start": 0.0, "end": 12.0, "text": " Leasing them in their hours, when it's metal, it may, if the metal did not melt, at least they would conduct the heat and keep the heat for so long that you couldn't get near it well, you know, within hours.", "tokens": [50364, 1456, 3349, 552, 294, 641, 2496, 11, 562, 309, 311, 5760, 11, 309, 815, 11, 498, 264, 5760, 630, 406, 10083, 11, 412, 1935, 436, 576, 6018, 264, 3738, 293, 1066, 264, 3738, 337, 370, 938, 300, 291, 2809, 380, 483, 2651, 309, 731, 11, 291, 458, 11, 1951, 2496, 13, 50964], "temperature": 0.0, "avg_logprob": -0.33725917011225987, "compression_ratio": 1.6827309236947792, "no_speech_prob": 0.2097509801387787}, {"id": 1, "seek": 0, "start": 12.0, "end": 13.0, "text": " Well, look at that.", "tokens": [50964, 1042, 11, 574, 412, 300, 13, 51014], "temperature": 0.0, "avg_logprob": -0.33725917011225987, "compression_ratio": 1.6827309236947792, "no_speech_prob": 0.2097509801387787}, {"id": 2, "seek": 0, "start": 13.0, "end": 22.0, "text": " Well, you can take this off, and it dissipates the heat so quickly that you can actually pick these up while they're blowing molten in the middle.", "tokens": [51014, 1042, 11, 291, 393, 747, 341, 766, 11, 293, 309, 29544, 1024, 264, 3738, 370, 2661, 300, 291, 393, 767, 1888, 613, 493, 1339, 436, 434, 15068, 44845, 294, 264, 2808, 13, 51464], "temperature": 0.0, "avg_logprob": -0.33725917011225987, "compression_ratio": 1.6827309236947792, "no_speech_prob": 0.2097509801387787}, {"id": 3, "seek": 0, "start": 23.0, "end": 26.0, "text": " Though they were in the oven at 2200 degree.", "tokens": [51514, 10404, 436, 645, 294, 264, 9090, 412, 5853, 628, 4314, 13, 51664], "temperature": 0.0, "avg_logprob": -0.33725917011225987, "compression_ratio": 1.6827309236947792, "no_speech_prob": 0.2097509801387787}], "language": "en"}